Catalog#,Artist,Title,Label,Format,Rating,Released,release_id,CollectionFolder,Date Added,Collection Media Condition,Collection Sleeve Condition,Collection Notes
395 374-1,Soundgarden,Badmotorfinger,A&M Records,"LP, Album, RE",,2003,1349192,Hard Rock,2022-02-19 10:58:07,,,
B0020476-01,Soundgarden,Superunknown,A&M Records,"2xLP, Album, RE, RM, 200",,2014,5783331,Hard Rock,2023-04-22 16:38:47,,,
SP-3730,The Police,Ghost In The Machine,A&M Records,"LP, Album, Ele",,1981,676581,Rock,2018-08-12 08:58:29,,,
SP-3735,The Police,Synchronicity,A&M Records,"LP, Album, BRY",,1983,6643015,Rock,2016-06-13 05:43:39,,,
SP-3750,Sting,The Dream Of The Blue Turtles,A&M Records,"LP, Album",,1985,439132,Rock,2017-04-28 03:39:31,,,
SP-4735,Cat Stevens,Back To Earth,A&M Records,"LP, Album",,1978,2066108,Folk/Americana,2016-06-13 05:42:04,,,
"SP 4280, SP-4280",Cat Stevens,Tea For The Tillerman,"A&M Records, A&M Records","LP, Album, Mon",,1970,755258,Folk/Americana,2016-06-13 05:41:03,,,
0602557095913,Temple Of The Dog,Temple Of The Dog,"A&M Records, Universal Music Group International","LP + LP, S/Sided, Etch + Album, RE, RM, S/Edition,",,2016,9337733,Alternative Rock,2017-02-11 18:15:44,,,
APP 24528-45,Counting Crows,August And Everything After,Analogue Productions,"2x12"", Album, RE, RM, RP, Gat",,2021,17435992,Rock,2024-02-17 19:45:38,,,
ACF0007A,Various,Applegate Family Album,Applegate Christian Fellowship,"LP, Album",,0,14363395,Gospel,2020-04-13 07:06:01,,,
2557173260,The Chemical Brothers,Surrender,"Astralwerks, Freestyle Dust","2xLP, Album, Ltd, Num, RE, Blu",,2017,9647883,Electronic,2017-04-28 03:47:31,,,
SD 2-805,The Allman Brothers Band,Beginnings,ATCO Records,"2xLP, Comp, LY ",,1973,3020888,Blues,2017-04-23 03:45:35,,,
R1 553407,Buddy Guy & Junior Wells,The Criteria Sessions,"ATCO Records, Rhino Records (2)","LP, RSD, Comp, Ltd, Num, 180",,2016,8392947,Blues,2016-04-17 01:56:13,,,
081227953935 PCLP 81,Phil Collins,Face Value,Atlantic,"LP, Album, RE, RM, Gat",,2016,8047426,Soft Rock,2016-05-23 20:32:35,,,
20.036,"Crosby, Stills, Nash & Young",So Far,Atlantic,"LP, Comp, RE",,1979,8394462,Uncategorized,2024-02-18 19:41:27,,,
7567-80506-1,King's X,King's X,Atlantic,"LP, Album",,1992,1855866,Hard Rock,2016-06-06 21:59:03,Near Mint (NM or M-),Very Good Plus (VG+),
81261-1-E,Various,St. Elmo's Fire (Original Motion Picture Soundtrack),Atlantic,"LP, Album, SP ",,1985,1652384,80's Pop,2017-04-23 04:26:40,,,
R1-535340,Led Zeppelin,Untitled,Atlantic,"LP, Album, RE, RM, 180",,2014,6265576,Uncategorized,2024-02-18 19:38:11,,,
SD 19999,Foreigner,Double Vision,Atlantic,"LP, Album, PR ",,1978,2585905,Hard Rock,2017-04-28 03:50:28,,,
"603497854387, RCV1 82519",Various,The Crow (Original Motion Picture Soundtrack),"Atlantic, Atlantic","LP, RE, Whi + LP, S/Sided, Etch + Album, RSD, Ltd",,2019,13468916,Uncategorized,2020-11-26 16:33:06,,,
"81796-1, 7 81796-1",INXS,Kick,"Atlantic, Atlantic","LP, Album, SP ",,1987,394397,80's Pop,2017-02-11 17:55:13,,,
"81240-1, 7 81240-1, 81240-1-E",Phil Collins,No Jacket Required,"Atlantic, Atlantic, Atlantic","LP, Album, SP ",,1985,2787002,Soft Rock,2016-03-28 05:30:12,,,
PRL1-747861,Coldplay,X&Y,"Atlantic, Parlophone","2xLP, Album, RE, 180",,2015,7905203,Britt Pop,2024-02-17 19:46:27,,,
88697 27976 1,John Mayer,Continuum,"Aware Records, Columbia","2xLP, Album, RE, 180",,2008,1953621,Blues,2016-02-19 14:28:13,,,
88875009631,Dave Matthews Band,Under The Table And Dreaming,"Bama Rags Records, RCA, Legacy","2xLP, Album, Ltd, Num, RM, RP",,2015,6686166,Rock,2016-04-03 00:48:43,,,
88985375391,Dave Matthews Band,Live At Red Rocks 8.15.95,"Bama Rags Records, RCA, Legacy","4xLP, Album, Ltd, Num, RM, Sil",,2017,10173041,Rock,2017-04-22 22:16:08,,,
bark47,Death Cab For Cutie,Plans,Barsuk Records,"2xLP, Album, RP",,2009,3112846,Alternative Rock,2018-08-12 09:00:21,,,
PZ 37064,Muddy Waters,King Bee,Blue Sky,"LP, Album",,1981,2072300,Blues,2022-02-12 15:02:47,,,
BRD4021,The 77s,Tom Tom Blues,Brainstorm Artists International,"CD, Album",,1995,4071244,CDs,2024-01-20 20:44:36,,,
7100518679,The 77s,Sticks And Stones,Broken Records (7),"CD, Album",,1990,3126660,CDs,2024-01-20 20:45:11,,,
"BRK-271, CH 60013",Muddy Waters,The London Muddy Waters Sessions,"Brookvale Records, Chess","LP, RSD, Ltd, Num, RE, 180",,2016,9411284,Blues,2017-01-02 05:03:28,,,
E-ST 11656,The Section,Fork It Over,Capitol Records,"LP, Album",,1977,2794900,Soul,2022-05-05 17:42:58,Very Good Plus (VG+),Very Good Plus (VG+),
PC 3452,Frank Sinatra,Try A Little Tenderness,Capitol Records,"LP, Comp, Mono",,1967,3224631,Rat Pack,2023-04-02 18:23:35,,,
SKAO 2944,Nat King Cole,The Best Of Nat King Cole,Capitol Records,"LP, Comp",,1968,5665148,Rat Pack,2018-08-12 08:53:02,,,
SP 8674,"Carmen Dragon, The Hollywood Bowl Symphony Orchestra",The Best Of Carmen Dragon And The Hollywood Bowl Symphony Orchestra,Capitol Records,"LP, Album, Comp",,1968,6836067,Classical,2017-04-23 03:46:26,,,
ST-12217,Billy Squier,Emotions In Motion,Capitol Records,"LP, Album, Jac",,1982,6453378,Hard Rock,2018-08-12 01:22:58,,,
SV-12371,Various,"Original Soundtrack From The Motion Picture ""Teachers""",Capitol Records,"LP, Album",,1984,4185883,80's Pop,2018-08-12 08:59:05,,,
SWAV-12120,Neil Diamond,The Jazz Singer (Original Songs From The Motion Picture),Capitol Records,"LP, Album, Win",,1980,1288005,Soft Rock,2016-06-13 05:13:10,,,
"7243 8 29626 1 8, 8296261",Radiohead,The Bends,"Capitol Records, Capitol Records","LP, Album, Ltd, RE, 180",,2008,1594061,Britt Pop,2016-06-13 05:34:14,,,
"T963, T-963",The Jonah Jones Quartet,Swingin' On Broadway,"Capitol Records, Capitol Records","LP, Album, Mono",,1958,2172661,Rat Pack,2017-04-23 03:50:59,,,
B0026983-01,Bing Crosby,Christmas Classics,"Capitol Records, UMe","LP, Comp, RE",,2017,10915523,Christmas,2020-04-15 05:55:29,,,
2CP 0102,The Allman Brothers Band,Eat A Peach,Capricorn Records,"2xLP, Album, San",,1972,1284784,Blues,2016-05-08 00:57:16,,,
SD 2-802,The Allman Brothers Band,The Allman Brothers Band At Fillmore East,Capricorn Records,"2xLP, Album, RP, MO ",4,1972,2379908,Blues,2016-03-28 05:25:25,Near Mint (NM or M-),Very Good Plus (VG+),
CBS 450227 1,Bruce Springsteen & The E-Street Band,Live/1975-85,CBS,"5xLP, Album + Box",,1986,947430,Rock,2018-08-12 01:26:05,,,
QZ 39283,Kansas (2),The Best Of Kansas,CBS Associated Records,"LP, Comp, Car",,1984,1644076,Classic Rock,2017-04-28 03:45:26,,,
M 35165,"Zubin Mehta, New York Philharmonic, Modest Mussorgsky / Maurice Ravel",Pictures At An Exhibition / La Valse,CBS Masterworks,"LP, Album, RE",,1980,2457346,Classical,2020-04-15 05:57:27,,,
"CBS 86004, PC 33965",Neil Diamond,Beautiful Noise,"CBS, CBS","LP, Album, Gat",,1976,612808,Soft Rock,2018-08-12 09:00:59,,,
4050538311440,Michael McDonald,Wide Open,"Chonin Records, BMG","2xLP, Album, Tra",,2017,10912966,Soft Rock,2020-09-19 07:06:28,,,
F2 21820,Follow For Now,Follow For Now,Chrysalis,"CD, Album",,1991,4348252,CDs,2018-01-16 06:50:48,,,
OV 41534,Huey Lewis & The News,Fore!,Chrysalis,"LP, Album, Car",,1986,911271,80's Pop,2016-10-22 23:54:12,,,
19439874241,Fiona Apple,Tidal,"Clean Slate, Epic","2xLP, Album, RE, RM, RP, 180",,2023,29231587,Alternative Rock,2024-02-10 21:17:18,,,
19439882351,John Mayer,Sob Rock,Columbia,"LP, Album, 180",,2021,19506148,Soft Rock,2022-02-05 19:04:14,,,
CS 8271,Miles Davis,Sketches Of Spain,Columbia,"LP, Album, RP",,1961,404001,Jazz,2018-08-12 08:51:34,,,
FC 39334,Steve Perry,Street Talk,Columbia,"LP, Album, Pit",,1984,1410440,Soft Rock,2018-08-12 08:56:32,,,
JC 34912,Journey,Infinity,Columbia,"LP, Album, RE",,0,4311788,Rock,2020-05-17 02:56:08,,,
JC 35318,Bruce Springsteen,Darkness On The Edge Of Town,Columbia,"LP, Album, Gol",,1978,740600,Rock,2017-02-11 18:12:02,,,
KC 31063,Blue Öyster Cult,Blue Öyster Cult,Columbia,"LP, Album, RE",,1972,713032,Classic Rock,2016-06-13 05:43:04,,,
KC 31610,Santana,Caravanserai,Columbia,"LP, Album, San",,1972,420299,Classic Rock,2016-06-13 05:08:03,,,
KC 32212,Herbie Hancock,Sextant,Columbia,"LP, Album, San",,1973,1104463,Jazz,2017-04-28 03:49:40,,,
KC 32432,Bruce Springsteen,"The Wild, The Innocent & The E Street Shuffle",Columbia,"LP, Album",,1973,2582014,Rock,2017-02-11 18:11:22,,,
PC 33050,Santana,Santana's Greatest Hits,Columbia,"LP, Comp, Ter",,1974,9334464,Classic Rock,2020-04-18 22:58:25,,,
PC 34905,"Earth, Wind & Fire",All 'N All,Columbia,"LP, Album, Gat",,1977,1137723,Funk,2016-06-13 05:50:33,,,
PC 34906,Tower Of Power,We Came To Play,Columbia,"LP, Album",,1978,1088611,Funk,2016-08-14 00:36:09,,,
PC 40032,Fishbone,Fishbone,Columbia,"12"", EP, Pit",,1985,15196663,Funk,2024-03-31 13:14:44,,,
MS 6689,"Pyotr Ilyich Tchaikovsky, Leonard Bernstein, New York Philharmonic",Pathétique Symphony,Columbia Masterworks,LP,,1972,5115265,Classical,2020-04-15 06:00:53,,,
"M2S-607, M2S 607","Georg Friedrich Händel : The Philadelphia Orchestra, Eugene Ormandy ; Mormon Tabernacle Choir, Richard P. Condie ; Eileen Farrell, Martha Lipton, Davis Cunningham, William Warfield",Messiah,"Columbia Masterworks, Columbia Masterworks","2xLP, Album, RP",,1966,14170034,Classical,2020-04-15 06:05:04,,,
"FC 37978, 37978",Men At Work,Business As Usual,"Columbia, Columbia","LP, Album, Car",,1982,587059,80's Pop,2017-04-28 03:43:19,,,
"FC 38710, PC 38710",Bonnie Tyler,Faster Than The Speed Of Night,"Columbia, Columbia","LP, Album",,1983,4490675,80's Pop,2017-02-11 18:20:23,,,
"OC 40402, C 40402",Billy Joel,The Bridge,"Columbia, Columbia","LP, Album, Pit",,1986,1256010,Soft Rock,2017-04-28 03:48:14,,,
"PC 9808, CS 9808",Miles Davis,Miles Davis' Greatest Hits,"Columbia, Columbia","LP, Comp, RE, San",,1977,379781,Jazz,2016-10-22 23:53:04,,,
"QC 38504, 38504",Journey,Frontiers,"Columbia, Columbia","LP, Album, Pit",,1983,1455421,Hard Rock,2017-03-30 05:58:05,,,
19658792961,Coheed And Cambria,In Keeping Secrets Of Silent Earth: 3,"Columbia, Equal Vision Records, Legacy","2xLP, Album, RSD, Ltd, RE, RM, Lav",,2023,28518913,Hard Rock,2024-04-21 16:21:04,,,
88843045891,Coheed And Cambria,Good Apollo I'm Burning Star IV | Volume One: From Fear Through The Eyes Of Madness,"Columbia, Equal Vision Records, Legacy","LP, Bla + LP, Bla + Album, RSD, Ltd, RE, RM",,2017,10170395,Hard Rock,2017-04-22 22:20:00,,,
PC 38984,Billy Joel,Cold Spring Harbor,"Columbia, Family Productions","LP, Album, RE, Pit",,1983,2340394,Soft Rock,2016-08-27 17:54:59,,,
QC 38837,Billy Joel,An Innocent Man,"Columbia, Family Productions","LP, Album, Car",,1983,822425,Soft Rock,2016-08-27 17:55:54,,,
"JC 34987, 34987",Billy Joel,The Stranger,"Columbia, Family Productions, Columbia, Family Productions","LP, Album, San",,1977,1108650,Soft Rock,2016-05-23 20:32:52,,,
19439953541,Alice In Chains,Dirt,"Columbia, Legacy, Velvet Hammer","2xLP, Album, RE, RM, 30t",,2022,24611462,Hard Rock,2022-10-21 19:14:38,,,
"88875176771, 88875176771 S1",Adele (3),25,"Columbia, XL Recordings, Columbia","LP, Album, 180",,2015,7714716,Singer/Songwriter,2016-03-30 05:05:09,,,
CR00083,Evanescence,Lost Whispers,Craft Recordings,"LP, RSD, Comp, Ltd, Tra",,2018,11895352,Hard Rock,2018-08-12 08:16:50,,,
"CR03245, 888072025103",Evanescence,The Open Door,"Craft Recordings, The Bicycle Music Company","2xLP, Album, RSD, Ltd, RE, Gre",,2021,19520602,Uncategorized,2021-07-18 22:26:58,,,
B0025035-01,Patsy Cline,Patsy Cline's Greatest Hits,"Decca, UMe, MCA Nashville","LP, Comp, RE",,2016,8800546,Soul,2020-04-15 05:37:12,,,
DGCD-24324,Galactic Cowboys,Galactic Cowboys,DGC,"CD, Album",,1991,932682,CDs,2020-04-22 03:34:06,,,
80302-01738-11,The Lumineers,Cleopatra,Dualtone,"LP, Album, 180",,2016,8355414,Folk/Americana,2016-06-13 05:03:50,,,
"DUN-1003, DAP-029",Menahan Street Band,The Crossing,"Dunham, Daptone Records","LP, Album",,2012,4090074,Soul,2018-08-12 08:50:04,,,
"ESL164, 792755859360",Thievery Corporation,It Takes A Thief,"Eighteenth Street Lounge Music, Primary Wave Music","2xLP, Comp, RE, Cok",,2024,31442114,Electronic,2025-01-21 12:46:16,,,
RPD 161744,The Cure,Wild Mood Swings,Elektra,"2xLP, Album, RSD, Pic, RE, RM",,2021,19527862,80's Pop,2021-11-26 13:50:02,,,
"R1 61309, 603497837830",The Cure,Wish,"Elektra, Elektra, Fiction Records, Fiction Records, Rhino Records (2), Rhino Records (2)","2xLP, Album, RE, RM, 30t",,2023,25822156,Britt Pop,2023-04-22 16:38:19,,,
"RPD1 60783, 603497844968",The Cure,Faith,"Elektra, Fiction Records, Elektra, Rhino Records (2)","LP, Album, RSD, Pic, RE, RM",,2021,18947803,Uncategorized,2021-07-18 22:30:00,,,
0777 7 81409 1 7,Radiohead,Pablo Honey,EMI (2),"LP, Album, Unofficial",,2015,7516576,Britt Pop,2016-08-14 00:39:20,,,
11C 076-400008,Kim Carnes,Mistaken Identity,EMI America,"LP, Album",,1981,5877614,80's Pop,2016-07-09 22:42:55,,,
ELJ-46972,Pet Shop Boys,Actually,EMI-Manhattan Records,"LP, Album, Club",,1987,2549551,80's Pop,2017-02-18 22:27:35,,,
34K 77939,Pearl Jam,Dissident,Epic,"CD, Single, Bla",,1995,367090,CDs,2024-01-20 20:49:06,,,
34K 79452,Pearl Jam,Light Years,Epic,"CD, Single, Dig",,2000,1365456,CDs,2024-01-20 20:51:19,,,
E2 63665,Pearl Jam,Binaural,Epic,"2xLP, Album",,2000,2412929,Alternative Rock,2020-04-15 05:52:56,,,
EK 63665,Pearl Jam,Binaural,Epic,"CD, Album",,2000,378726,CDs,2024-01-20 21:00:22,,,
EK 68164,Pearl Jam,Yield,Epic,"CD, Album, Dig",,1998,488738,CDs,2024-01-20 21:01:47,,,
EK 69752,Pearl Jam,Live On Two Legs,Epic,"CD, Album, Dig",,1998,378734,CDs,2024-01-20 20:57:59,,,
EK67500,Pearl Jam,No Code,Epic,"CD, Album, Dig",,1996,22286233,CDs,2024-01-20 21:08:08,,,
EPC 460497 1,Sade,Stronger Than Pride,Epic,"LP, Album",,1988,860780,Soft Rock,2018-08-12 08:56:17,,,
FE 44099,Living Colour,Vivid,Epic,"LP, Album",,1988,2008715,Hard Rock,2020-04-18 20:53:45,,,
KE 30325,Sly & The Family Stone,Greatest Hits,Epic,"LP, Comp, Pit",,1970,7484675,Funk,2016-06-13 05:10:58,,,
QE 38946,The Jacksons,Victory,Epic,"LP, Album, Car",,1984,647349,80's Pop,2017-04-28 03:49:01,,,
88985376871,Pearl Jam,Ten,Epic Associated,"LP, Album, RE",,2017,11116451,Alternative Rock,2017-12-06 20:37:46,,,
ZK 47857,Pearl Jam,Ten,Epic Associated,"CD, Album",,1991,10448562,CDs,2024-01-20 21:13:48,,,
ZK 53136,Pearl Jam,Vs.,Epic Associated,"CD, Album",,1993,378564,CDs,2024-01-20 21:11:38,,,
88985315511,Various,Singles - Original Motion Picture Soundtrack,"Epic Soundtrax, Legacy, Vinyl Films","2xLP, Comp, RE + CD, Comp, Dlx, Car",,2017,10306866,Alternative Rock,2017-12-06 20:36:27,,,
88985419607JK1,Pearl Jam,State Of Love And Trust,"Epic Soundtrax, Legacy, Vinyl Films","7"", RSD, Single",,2017,10175491,Alternative Rock,2017-04-22 22:18:16,,,
"EK 66900, 66900",Pearl Jam,Vitalogy,"Epic, Epic","CD, Album",,1994,10352653,CDs,2024-01-20 21:10:15,,,
"EPC 86318, 86318",Sade,Promise,"Epic, Epic","LP, Album, Red",,1985,2483195,Soft Rock,2020-04-13 07:42:03,,,
"88697843131-jk1, 88697 84313 1-S1",Pearl Jam,Vs.,"Epic, Epic, Legacy, Legacy","LP, Album, RE, RM, 180",,2011,2838469,Alternative Rock,2016-02-23 05:51:22,,,
88697398462,Pearl Jam,Ten,"Epic, Legacy","2xCD, Album, RE, RM, Leg",,2009,3330357,CDs,2024-01-20 21:12:29,,,
88697843111-JK1,Pearl Jam,Vitalogy,"Epic, Legacy","2xLP, Album, RE, RM, 180",,2011,2838477,Alternative Rock,2016-06-13 05:13:57,,,
88875075161,Various,Garden State (Music From The Motion Picture),"Epic, Legacy","2xLP, Album, RSD, Ltd, Num, RE, Ora",,2015,7780990,Alternative Rock,2017-04-23 18:22:32,,,
88985400371,Stevie Ray Vaughan & Double Trouble,Live At Carnegie Hall,"Epic, Legacy","2xLP, Album, RE, Bro",,2017,10168471,Blues,2018-08-12 08:57:45,,,
88985409131,Pearl Jam,Riot Act,"Epic, Legacy","2xLP, Album, RE, RM",,2017,11113178,Hard Rock,2024-05-11 20:14:10,,,
"19439845151, 19439845151S1",Rage Against The Machine,The Battle Of Mexico City,"Epic, Legacy, Epic, Legacy","Album, RSD, RE + LP, Gre + LP, Red",,2021,19027405,Uncategorized,2021-06-13 12:44:43,,,
"8869 7 35339 1, 88697353391",Michael Jackson,Thriller 25,"Epic, Legacy, Sony BMG Music Entertainment","LP, Album, Pic, RE",,2008,1566948,80's Pop,2016-06-13 05:33:05,,,
"196587848316, 472626 1",Sade,Love Deluxe,"Epic, Sony Music, Epic","LP, Album, RE, RM, Hal",,2024,31756259,Uncategorized,2024-09-22 14:58:02,,,
87594-1,Thrice,Palms,Epitaph,"LP, Album, 180",,2018,12520124,Hard Rock,2020-08-23 20:39:56,,,
538337881,Morrissey,Low In High School,Étienne,"LP, Album, Cle",,2017,11146955,Britt Pop,2020-04-13 06:46:04,,,
538481131,Morrissey,California Son,Étienne,"LP, Album",,2019,13639083,Britt Pop,2020-04-13 06:45:27,,,
EVE001,Jack Johnson,Brushfire Fairytales,Everloving,"LP, Album, RE, RM, 180",,2011,3519963,Folk/Americana,2018-08-12 08:19:55,,,
EMGLP1231,Jamiroquai,Rock Dust Light Star,Executive Music Group,"2xLP, Album, RSD, RE + CD, Album, RE + Ltd",,2012,3694707,Funk,2020-04-18 20:50:44,,,
FAN-38761-01,Tedeschi Trucks Band,Let Me Get By,Fantasy,"2xLP, Album, 180",,2016,8038657,Blues,2021-11-26 15:46:59,,,
FAN00106,Tedeschi Trucks Band,Live From The Fox Oakland,Fantasy,"3xLP, Album, 180",,2017,10211923,Blues,2020-04-18 20:48:57,,,
FAN00407,Tedeschi Trucks Band,Signs,Fantasy,"LP, Album, 180 + 7"", S/Sided, Single, Etc",,2019,13229821,Blues,2020-05-09 18:59:54,,,
FAN00434,Tedeschi Trucks Band,High & Mighty,Fantasy,"12"", EP, RSD, Ltd",,2019,13485930,Blues,2019-04-14 05:55:32,,,
FAN01779,Tedeschi Trucks Band,I Am The Moon,Fantasy,"LP, Album + LP, Album + LP, Album + LP, Album + Bo",,2022,24441752,Blues,2022-09-16 18:36:13,,,
FAN02149,Susan Tedeschi,Just Won't Burn,Fantasy,"LP, Album, Ltd, RE, RP, Cle",,2023,28371229,Blues,2024-02-10 21:11:00,,,
0602547875655,The Cure,Kiss Me Kiss Me Kiss Me,Fiction Records,"2xLP, Album, RE, RM, 180",,2016,9001918,Britt Pop,2023-04-02 18:24:47,,,
5350999,Snow Patrol,A Hundred Million Suns,Fiction Records,"2xLP, Album, RE, 180",,2014,6099535,Britt Pop,2017-02-11 18:08:37,,,
"532 456-3, 060075324563 (7)",The Cure,Disintegration,"Fiction Records, Universal Music Catalogue, Polydor, Fiction Records, Universal Music Catalogue, Polydor","2xLP, Album, RE, RM, 180",,2021,21551143,Alternative Rock,2024-02-17 19:45:09,,,
4770716,Tears For Fears,The Seeds Of Love,"Fontana, Mercury, UMC","LP, Album, RE, Gat",,2020,16026538,Britt Pop,2023-08-18 20:38:19,,,
FRM-81767,Various,The Lost Boys (Original Motion Picture Soundtrack),Friday Music,"LP, Ltd, RE, Tra",,2022,23046584,Rock,2022-06-18 17:48:22,,,
FR LP 858T,Stryper,God Damn Evil,Frontiers Music SRL,"LP, Album, RSD, Ltd, RE, Tur",,2021,19126966,Uncategorized,2021-06-13 12:43:50,,,
159612-1,Paramore,Riot!,Fueled By Ramen,"LP, Album, RE",,2015,7680529,Hard Rock,2016-09-18 05:22:08,,,
518250-1,Paramore,Brand New Eyes,Fueled By Ramen,"LP, Album, 140",,2009,2108744,Rock,2024-09-14 15:54:20,,,
GHS 4008,Asia (2),Alpha,Geffen Records,"LP, Album, All",,1983,1153030,Classic Rock,2017-04-28 03:54:30,,,
GI-145 LP,Tycho (3),Dive,Ghostly International,"2xLP, Album",,2011,3192070,Electronic,2016-06-13 05:08:40,,,
GI-208 LP,Tycho (3),Awake,Ghostly International,"LP, Album",,2014,5456783,Electronic,2017-02-11 18:19:07,,,
GI-279 LP,Tycho (3),Epoch,Ghostly International,"LP, Album, Ltd, Red",,2017,9636021,Electronic,2017-02-11 18:17:10,,,
GUM042024SPLP,Snarky Puppy,Live At Band On The Wall,GroundUP Music (2),"LP, Album, RSD, Ltd, Pin",,2024,30454070,Jazz,2024-04-21 16:20:30,,,
"SHVL 814, 5099902988016",Pink Floyd,Wish You Were Here,"Harvest, Harvest","LP, Album, RE, RM, 180",,2011,3208762,Classic Rock,2016-06-13 05:12:13,,,
"HI-003, 880882449117",Deep Sea Diver,Impossible Weight,"High-Beam Records, ATO Records",LP,,2022,25579987,Alternative Rock,2025-05-26 14:53:48,,,
SSD 8115,Vengeance Rising,Human Sacrifice,Intense Records (10),"CD, Album",,1988,2985535,CDs,2016-08-20 18:34:59,,,
B0016954-01,Michael Kiwanuka,Home Again,"Interscope Records, Cherrytree Records, Communion Records (2), Polydor","LP, Album",,2012,3840771,Soul,2020-04-18 20:54:15,,,
"3145246532, 314524653-2, CIDXU212",U2,All That You Can't Leave Behind,"Interscope Records, Interscope Records, Interscope Records","CD, Album, Mad",,2000,443175,CDs,2020-04-22 05:26:41,,,
B0025683-01,Nine Inch Nails,The Downward Spiral,"Interscope Records, Nothing Records","2xLP, Album, RE, RM, RP, Def",,2023,27503610,Hard Rock,2024-02-10 21:14:31,,,
0-96600,U2,Desire,Island Records,"12""",,1988,407291,Rock,2016-09-10 03:42:18,,,
7-90127-1-B,U2,"Live ""Under A Blood Red Sky""",Island Records,"LP, MiniAlbum, Club",,1983,2848804,Rock,2016-06-13 05:20:58,,,
ILPS 9646,U2,Boy,Island Records,"LP, Album, Los",,1981,3561016,Rock,2023-01-14 12:14:45,Very Good (VG),Poor (P),
ILPS 9680,U2,October,Island Records,"LP, Album, All",,1981,1134199,Rock,2016-03-28 05:23:38,,,
"90565-1, 7 90565-1",The 77s,The 77's,"Island Records, Exit Records (6)","LP, Album",,1987,3179255,Alternative Rock,2016-06-06 21:59:37,,,
B0022123-01,U2,Songs Of Innocence,"Island Records, Interscope Records, Universal","LP, Gat + 12"" + Album, Whi",,2014,6191791,Rock,2016-06-13 05:15:05,,,
5797704,U2,Songs Of Experience,"Island Records, Interscope Records, Universal Music","2xLP, Album, Cya",,2017,11212071,Rock,2022-02-01 02:16:53,,,
"7 90231-1, 90231-1",U2,The Unforgettable Fire,"Island Records, Island Records","LP, Album, Spe",,1984,507725,Rock,2017-02-11 18:23:52,,,
"90067-1, 7 90067-1",U2,War,"Island Records, Island Records","LP, Album, AR ",,1983,496426,Rock,2016-07-21 02:52:47,,,
"90581-1, 7 90581-1",U2,The Joshua Tree,"Island Records, Island Records","LP, Album, All",,1987,1112974,Rock,2017-02-11 18:22:20,,,
"91003-1, 7 91003-1",U2,Rattle And Hum,"Island Records, Island Records","2xLP, Album",,1988,714247,Rock,2017-02-11 18:21:22,,,
"U2 10, 5796999",U2,Pop,"Island Records, Island Records, UMC, UMC","2xLP, Album, RE, RM, 180",,2018,11846879,Rock,2020-04-18 20:48:15,,,
"U213, 5797099",U2,The Best Of 1990-2000,"Island Records, Island Records, UMC, UMC","2xLP, Comp, RE, RM, 180",,2018,12574827,Rock,2018-11-28 21:28:42,,,
"5797009, 00602557970098",U2,Achtung Baby,"Island Records, UMC","2xLP, Album, RE, RM, 180",,2018,12298689,Rock,2020-04-16 01:10:35,,,
1745697,Nick Drake,Pink Moon,"Island Records, UMe","LP, Album, RE, 180",,2013,4457027,Folk/Americana,2016-06-27 06:17:30,,,
"82876 71467 2, 82876-71467-2",Pearl Jam,Pearl Jam,"J Records, J Records","CD, Album, Dig",,2006,5387935,CDs,2024-01-20 20:59:50,,,
JPR-037,Etta James,At Last!,Jackpot Records (3),"LP, Album, RSD, Ltd, RE, Gre",,2016,8396733,Soul,2016-04-17 01:55:12,,,
KRS 269,Elliott Smith,Either / Or,Kill Rock Stars,"LP, Album, Ltd, RE, Mus",,2014,5776399,Alternative Rock,2016-10-22 23:59:00,,,
KIR 82234,Kansas (2),Point Of Know Return,Kirshner,"LP, Album",,0,6187384,Classic Rock,2018-08-12 08:49:21,,,
88875188981,Pearl Jam,No Code,"Legacy, Epic","LP, Album, RE, RM, ""E""",,2016,8863484,Alternative Rock,2017-02-11 18:06:52,,,
LSCD 51569,Pearl Jam,The Versus Sessions,Live Storm,"CD, Unofficial",,1994,4826487,CDs,2017-04-09 22:05:31,Near Mint (NM or M-),Good (G),
LOFILP006,The 77s,Sticks And Stones,Lo-Fidelity,"2xLP, RE, RM, Gre",,2016,8576100,Alternative Rock,2016-09-11 01:49:37,,,
LOFILP012,The 77s,Drowning With Land In Sight,Lo-Fidelity,"2xLP, RE, Gre",,2017,12506890,Alternative Rock,2020-04-15 05:51:14,,,
88697 894631,Tedeschi Trucks Band,Revelator,Masterworks (3),"2xLP, Album",,2011,2917013,Blues,2020-04-25 20:30:12,,,
1630-1,Judy Garland,The Best Of Judy Garland,MCA Records,"LP, Comp, RE",,1984,8623964,Rat Pack,2016-06-13 05:45:05,,,
MCA 2-8000,Neil Diamond,Hot August Night,MCA Records,"2xLP, Album, Glo",,1973,2462950,Soft Rock,2016-03-28 05:27:43,,,
MCA-5456,Night Ranger,Midnight Madness,MCA Records,"LP, Album, Glo",,1983,4314422,Hard Rock,2016-08-14 00:22:10,Near Mint (NM or M-),Very Good Plus (VG+),
"MCA-6169, MCA 6169",Various,Running Scared,"MCA Records, MCA Records","LP, Album, Comp",,1986,631109,80's Pop,2017-04-23 04:24:11,,,
"81825-1, 7 81825-1",King's X,Out Of The Silent Planet,"Megaforce Worldwide, Atlantic","LP, Album",,1988,5346162,Hard Rock,2016-07-27 00:23:38,Very Good Plus (VG+),Very Good Plus (VG+),
422-824 300-1 M-1,Tears For Fears,Songs From The Big Chair,Mercury,"LP, Album, 56 ",,1985,7624883,80's Pop,2016-09-11 01:40:01,,,
B0011141-01 JK02,Portishead,Third,Mercury,"2xLP, Album, Ltd",,2008,1325439,Alternative Rock,2016-10-23 00:03:33,,,
SRM-1-3828,Def Leppard,On Through The Night,Mercury,"LP, Album, PRC",,1980,393274,Hard Rock,2016-09-18 05:23:21,,,
SRM-1-4021,Def Leppard,High 'N' Dry,Mercury,"LP, Album, PRC",,1981,5111220,Hard Rock,2017-02-11 18:03:50,,,
"810 308-1 M-1, 422-810 308-1 M-1",Def Leppard,Pyromania,"Mercury, Mercury","LP, Album, 72 ",,1983,4278714,Hard Rock,2016-05-08 00:53:21,,,
SR90158,"Georg Friedrich Händel - Sir Hamilton Harty, London Symphony Orchestra, Antal Dorati",Water Music Suite / Music For The Royal Fireworks,"Mercury, Mercury Living Presence",LP,,1959,4553697,Classical,2017-04-23 03:48:07,,,
"3542695, 00602435426952",Tears For Fears,"Live At Massey Hall Toronto, Canada / 1985","Mercury, UMC","2xLP, Album, RSD",,2021,19099054,Uncategorized,2021-06-13 12:35:43,,,
3984-15360-1,King's X,Faith Hope Love,Metal Blade Records,"2xLP, Album, RE, Gat",,2015,7057396,Hard Rock,2017-02-11 17:57:46,,,
3984-15361-1,King's X,Gretchen Goes To Nebraska,Metal Blade Records,"2xLP, Album, RE, Gat",,2015,7057395,Hard Rock,2017-02-11 17:58:20,,,
3984-15833-1,King's X,Ear Candy,Metal Blade Records,"2xLP, Album, Ltd, RE",,2017,9702460,Hard Rock,2017-02-11 17:58:55,,,
MODOUT055,Walker Lukens,Adult,Modern Outsider,"LP, Tra",,2019,13819658,Soul,2020-04-15 05:33:54,,,
753677604971,Pearl Jam,Live At Easy Street,Monkeywrench Records,"12"", EP, RSD, Ltd, RE, Gat",,2019,13485627,Alternative Rock,2019-04-13 19:24:01,,,
602458971163,Pearl Jam,Dark Matter,"Monkeywrench Records, Republic Records","LP, Album, Ltd, Red",,2024,30476126,Hard Rock,2024-04-22 21:02:09,,,
B0018982-02,Pearl Jam,Lightning Bolt,"Monkeywrench Records, Republic Records","CD, Album",,2013,4994051,CDs,2024-01-20 20:55:43,,,
B0026965-01,Pearl Jam,Let's Play Two,"Monkeywrench Records, Republic Records","2xLP, Album, Gat",,2017,10738297,Rock,2024-12-24 15:00:50,,,
B0031607-01,Pearl Jam,Gigaton,"Monkeywrench Records, Republic Records","LP, Gat + LP, S/Sided, Etch, ""Is + Album",,2020,14992999,Alternative Rock,2020-04-16 01:23:20,,,
BYLANDMWMS01V,Byland,Heavy For A While,Mother West,"LP, S/Edition, Cle",,2024,30963133,Alternative Rock,2025-05-18 18:01:56,,,
MOVLP2300,Imogen Heap,Speak For Yourself,Music On Vinyl,"LP, Album, RE, 180",,2019,15671278,Singer/Songwriter,2020-09-19 07:05:43,,,
MOVLP2309,King's X,King's X,"Music On Vinyl, Atlantic","LP, Album, Ltd, Num, RE, Mos",,2019,13086751,Hard Rock,2021-11-26 13:42:56,,,
MOVLP3869,King's X,Dogman,"Music On Vinyl, Atlantic, Artone Label Group","2xLP, Album, Ltd, Num, RE, Red",,2025,33136746,Hard Rock,2025-02-28 22:59:45,,,
"MOVLP902, none",Tedeschi Trucks Band,Made Up Mind,"Music on Vinyl, Masterworks (3)","2xLP, Album, Ltd, Num, RE, Smo",,2019,13910780,Blues,2020-04-16 01:10:59,,,
RGNET1335LP,Various,The Rough Guide To East Coast Blues,"Music Rough Guides, World Music Network","LP, Comp, Ltd, RM",,2015,8399515,Blues,2016-06-13 05:34:44,,,
MVD8762LP,"Dickey Betts, Jimmy Hall, Chuck Leavell, Butch Trucks",Live At The Coffee Pot 1983,MVD Audio,"2xLP, Album, RSD",,2016,9411191,Blues,2017-01-02 05:01:00,,,
7016880613,Russ Taff,The Way Home,Myrrh,"CD, Album",,1989,2681829,CDs,2020-04-22 05:25:48,,,
NPR807-PIC,The Smashing Pumpkins,"Shiny And Oh So Bright - Vol.1 / LP - No Past, No Future, No Sun",Napalm Records,"LP, Album, RSD, Ltd, Pic",,2018,12833543,Alternative Rock,2018-11-28 21:25:46,,,
none,Stavesacre,MCMXCV,Not On Label (Stavesacre Self-released),"2xLP, S/Edition, Cle",,2017,14482804,Hard Rock,2020-04-15 05:49:26,,,
"B0025682-01, 00602557142778",Nine Inch Nails,The Fragile,"Nothing Records, Interscope Records","3xLP, Album, RE, RM, Def",,2017,11192900,Electronic,2022-11-04 18:15:49,,,
"7243 8496061 2, V2940",Daft Punk,Discovery,"Parlophone, Parlophone","2xLP, Album, RE, 180",,0,8178997,Electronic,2017-01-02 05:05:09,,,
FZ 38443,Quiet Riot,Metal Health,Pasha,"LP, Album",,1983,2315842,Hard Rock,2017-03-30 04:56:10,,,
FZ 36745,Teddy Pendergrass,TP,Philadelphia International Records,"LP, Album",,1980,438255,Soul,2018-08-12 08:58:10,,,
"PFRLP14, 88875184311",Pink Floyd,The Division Bell,"Pink Floyd Records, Columbia","2xLP, Album, RE, RM, Gat",,2016,8984837,Uncategorized,2024-02-18 19:36:18,,,
986 607-3,Snow Patrol,Final Straw,Polydor,"LP, Album",,2004,646496,Britt Pop,2023-04-02 18:20:52,,,
CT-1-6335,Vangelis,Chariots Of Fire,Polydor,"Cass, Album, Dol",,1981,3695394,Soft Rock,2016-07-09 22:43:33,,,
"B002427-01, GET54082-LP",James Brown / Lyn Collins / Bobby Byrd / The J.B.'s,Get Down With James Brown: Live At The Apollo Volume IV,"Polydor, Get On Down, Universal Music Special Markets","2xLP, Album, RSD",,2016,8393298,Funk,2016-06-13 05:31:15,,,
"BFR 39581, 39581",Sade,Diamond Life,"Portrait, Portrait","LP, Album, Pit",,1985,960602,Soft Rock,2018-08-12 08:55:16,,,
PRD75211,Jonny Lang,Signs,Provogue,"LP, Album, 180",,2017,10776582,Blues,2018-08-12 08:48:51,,,
PRD75931,Gov't Mule,Bring On The Music / Live At The Capitol Theatre: Vol. 1,Provogue,"2xLP, Album, Pur",,2019,13810989,Blues,2020-04-15 05:54:17,,,
PRD75934,Gov't Mule,Bring On The Music / Live At The Capitol Theatre: Vol. 2,Provogue,"2xLP, Album, Blu",,2019,13811055,Blues,2020-04-18 20:49:43,,,
790-060-3034,Force 3,Warrior Of Light,Pure Metal,"LP, Album",,1988,3490080,Hard Rock,2017-02-11 17:56:21,,,
SPCN7900600493,Saint (14),Time's End,Pure Metal,"LP, Album",,1986,1621021,Hard Rock,2017-04-28 03:40:48,,,
R 543L,Rare Earth,Willie Remembers,Rare Earth,"LP, Album",,1972,1131323,Classic Rock,2017-04-28 03:42:36,,,
AFL1-5309,Daryl Hall & John Oates,Big Bam Boom,RCA,"LP, Album, Ind",,1984,760553,80's Pop,2016-07-09 22:35:22,,,
LPM-1248,Harry Belafonte,Calypso,RCA Victor,"LP, Album, Mono, Ind",,1956,9413756,Rat Pack,2018-08-12 08:18:44,,,
NFL1-8045,Mr. Mister,Welcome To The Real World,"RCA Victor, RCA","LP, Album, Bro",,1985,1614902,80's Pop,2017-02-18 22:31:19,,,
88725-435271-1,Dave Matthews Band,Away From The World,"RCA, Bama Rags Records","2xLP, Album, Ltd, Cle",,2012,3869112,Rock,2020-04-15 05:39:07,,,
MS 2158,Fleetwood Mac,Mystery To Me,Reprise Records,"LP, Album, RE, Pit",,1975,770063,Classic Rock,2018-08-12 08:17:42,,,
RS-6130,Dean Martin,Everybody Loves Somebody,Reprise Records,"LP, Album, Comp, Pit",,1964,804766,Rat Pack,2018-08-12 01:28:23,,,
RS-6140,Dean Martin,The Door Is Still Open To My Heart,Reprise Records,"LP, Album",,1964,1522015,Rat Pack,2018-08-12 01:29:53,,,
528350-1,Michael Bublé,Christmas,"Reprise Records, 143 Records","LP, Album, Ltd, RE, Red",,2014,6225887,Christmas,2018-08-12 08:50:46,,,
"FS 1014, 1014",Frank Sinatra,September Of My Years,"Reprise Records, Reprise Records","LP, Album",,1965,804774,Rat Pack,2018-08-12 09:00:43,,,
B0024513-01,James Bay,Chaos And The Calm,Republic Records,"LP, Album, Ltd, Pic",,2016,8396187,Rock,2016-04-17 01:55:42,,,
B0028309-01,Snow Patrol,Wildness,Republic Records,"LP, Album",,2018,12041453,Britt Pop,2020-04-13 06:44:30,,,
"0825646658824, 2564665882",The Smiths,Hatful Of Hollow,"Rhino Records (2), Rhino Records (2)","LP, Comp, RE, 180",,2012,3715754,Britt Pop,2017-04-28 03:37:46,,,
RRM1 45451,Morrissey,Vauxhall And I,"Rhino Records (2), Sire","LP, Album, RE, Gat",,2014,5757388,Britt Pop,2018-08-12 08:52:33,,,
RISE 401-1,Sevendust,Kill The Flaw,Rise Records (3),"LP, Album, Ltd, Bla",,2018,12687878,Hard Rock,2020-04-15 05:50:05,,,
1166101455,Samantha Fish,Faster,Rounder Records,"LP, Album, Ltd",,2021,20246776,Blues,2021-11-26 13:48:55,,,
RRBX-VR14,Vengeance Rising,Human Sacrifice,Roxx Records,"Box, Comp, Ltd, Num + LP, Album, Ltd, RE, RM + CD,",,2023,27957207,Hard Rock,2023-08-26 17:42:16,,,
RRCD-VR04,Vengeance Rising,Human Sacrifice [Unreleased First Mix] ,Roxx Records,"CD, Ltd, RM",,2018,12339189,CDs,2018-08-05 21:19:17,,,
SD 204,Tower Of Power,East Bay Grease,San Francisco Records,"LP, Album, Mon",,1970,1246730,Funk,2017-03-30 05:56:45,,,
FZ 38062,Survivor,Eye Of The Tiger,Scotti Bros. Records,"LP, Album, Ter",,1982,1010213,Hard Rock,2017-02-18 22:28:30,,,
SD1325-1,Flogging Molly,Drunken Lullabies,SideOneDummy Records,"LP, Ltd, RP, Red",,2015,7810612,Alternative Rock,2016-06-13 05:32:02,,,
SL 003,St. Paul & The Broken Bones,Half The City,Single Lock Records,"LP, Album, 180",,2014,5421968,Soul,2017-02-11 18:13:17,,,
549811-1,Regina Spektor,Soviet Kitsch,Sire,"LP, Album, RE",,2016,8622615,Singer/Songwriter,2017-04-28 03:40:02,,,
553891-1,Regina Spektor,Begin To Hope,Sire,"2xLP, Album, RSD, Ltd, 10t",,2016,8394522,Singer/Songwriter,2016-04-17 01:57:48,,,
19075921591,Pearl Jam,MTV Unplugged,"Sony Music, Epic, Legacy","LP, RSD, Ltd",,2019,14456195,Alternative Rock,2019-11-29 19:57:20,,,
SPR-1015,Keith Green (2),For Him Who Has Ears To Hear,Sparrow Records,"LP, Album",,1977,2061176,Gospel,2020-04-13 07:05:24,,,
STX-7501-1,Albert King With Stevie Ray Vaughan,In Session,Stax,"LP, Album, RE, Uni",,2010,2832182,Blues,2023-04-02 18:26:20,,,
SP1665,Deep Sea Diver,Billboard Heart,Sub Pop,"LP, Album, Ltd, Pin",,2025,33200583,Alternative Rock,2025-05-18 12:46:14,,,
"SP 915, 709153",The Head And The Heart,The Head And The Heart,"Sub Pop, Sub Pop","LP, Album, Ltd",,2016,8950531,Folk/Americana,2018-08-12 08:19:19,,,
SRE462LP,King's X,Tape Head,"Svart Records, Metal Blade Records","LP, Album, RSD, Num, RE, Pin",,2021,19526764,Uncategorized,2021-07-18 22:26:52,,,
SRE463LP,King's X,Please Come Home...Mr. Bulbous,"Svart Records, Metal Blade Records","LP, Album, RSD, Num, Yel",,2021,21098800,Hard Rock,2021-11-26 13:39:41,,,
SRE468LP,King's X,Manic Moonlight,"Svart Records, Metal Blade Records","LP, Album, RSD, Num, RE, Ora",,2021,19528252,Uncategorized,2021-07-18 22:26:47,,,
T6-332S1,Stevie Wonder,Fulfillingness' First Finale,Tamla,"LP, Album, Gat",,1974,223420,Soul,2017-04-23 18:25:26,,,
"TS-310, TS310",Marvin Gaye,What's Going On,"Tamla, Tamla","LP, Album, Gat",,1971,1559040,Soul,2018-08-12 08:49:39,,,
DG-10054,"Igor Stravinsky, Lorin Maazel, The Cleveland Orchestra",Le Sacre Du Printemps,Telarc,"LP, Album, RE",,0,11868096,Classical,2024-03-31 13:17:39,,,
"DG-10039, 10039","Igor Stravinsky, Alexander Borodin, Robert Shaw, Atlanta Symphony Orchestra And Atlanta Symphony Chorus","The Firebird (Suite, 1919 Version) / Overtures And Polovetsian Dances From Prince Igor","Telarc, Telarc","LP, Gat",,1978,22511717,Classical,2024-03-31 13:16:47,,,
ABBR00023,The Allman Brothers Band,"The Final Note (Painters Mill Music Fair Owings Mills, MD 10-17-71)",The Allman Brothers Band Recording Company,"2xLP, RSD, Ltd, Num, Bla",,2021,19447198,Uncategorized,2021-07-18 22:24:20,,,
BMC00020,Evanescence,Fallen,The Bicycle Music Company,"LP, Album, RE, 180",,2017,4726282,Hard Rock,2020-05-09 19:01:23,,,
19439953161,The Artist (Formerly Known As Prince),The Gold Experience,"The Prince Estate, NPG Records, Legacy","2xLP, Album, RSD, RE, Gol",,2022,23511572,Funk,2022-06-18 17:47:48,,,
TLCW-03,Johnny Cash,Country & Western Classics: Johnny Cash,Time Life Records,"3xLP, Comp + Box",,1982,9365194,Country,2018-08-12 08:48:22,,,
STVLP5,Stavesacre,How To Live With A Curse,Tooth & Nail Records,"2xLP, Album, Ltd, RP, Gol",,2020,15759078,Uncategorized,2022-02-01 01:52:28,,,
"TNV1050, 409189",Stavesacre,Friction,"Tooth & Nail Records, UnoriginalVinyl","2x12"", Album, Ltd, RE, RM, Sil",,2024,29684401,Hard Rock,2024-02-09 18:51:00,,,
3530171,Def Leppard,"When The Walls Came Tumbling Down (New Theatre, Oxford - 26 April 1980)","UMC, Mercury, Bludgeon Riffola","2xLP, Album, RSD",,2021,19026979,Uncategorized,2021-06-13 12:36:15,,,
93106,Neil Diamond,Stones,UNI Records,"LP, Album, Pin",,1971,8179039,Soft Rock,2018-08-12 09:01:29,,,
93135,Elton John,Honky Chateau,UNI Records,"LP, Album, Club, RCA",,1972,4411332,Classic Rock,2016-06-13 05:42:32,,,
VR4390,Thrice,To Be Everywhere Is To Be Nowhere,"Vagrant, BMG","LP, Album, RSD, Ltd, RE, RP, Blu",,2021,19084276,Uncategorized,2021-06-13 12:35:57,,,
0602537540433,Massive Attack,Mezzanine,"Virgin, Circa","2xLP, Album, RE, 180",,2013,5077187,Electronic,2021-11-26 13:48:21,,,
"LAE-577, LAE-577 205.929",Various,Risky Business (Soundtrack Original),"Virgin, Virgin","LP, Comp",,1984,9319488,80's Pop,2017-02-18 22:37:52,,,
D003820601,Daft Punk,TRON: Legacy (Vinyl Edition Motion Picture Soundtrack),Walt Disney Records,"LP, Blu + LP, Cle + Album, Ltd, RE, RP",,2021,21293563,Electronic,2022-02-05 19:03:49,,,
"WG018, WGC1-18",Kenny Wayne Shepherd,Ledbetter Heights,"WARGOD, WARGOD","2xLP, Album, Ltd, Blu",,2019,13498547,Blues,2019-04-18 04:54:10,,,
093624898368,Various,The Matrix Reloaded The Album,"Warner Bros. Pictures, Inc.","2xLP, Gre + LP, S/Sided, Etch, Gre + RSD, Comp, Lt",,2019,14465035,Hard Rock,2019-11-30 09:31:04,,,
925 095-1,Rod Stewart,Camouflage,Warner Bros. Records,"LP, Album",,1984,915538,Soft Rock,2016-06-13 05:38:23,,,
BS 2749,Tower Of Power,Back To Oakland,Warner Bros. Records,"LP, Album, Ter",,1974,1088586,Funk,2016-06-13 05:40:23,,,
BSK 3010,Fleetwood Mac,Rumours,Warner Bros. Records,"LP, Album",,1977,9857535,Uncategorized,2024-02-18 19:39:45,,,
BSK 3677,Van Halen,Diver Down,Warner Bros. Records,"LP, Album, All",,1982,4098189,Hard Rock,2017-03-30 05:01:56,,,
R1 25801,Fleetwood Mac,Greatest Hits,Warner Bros. Records,"LP, Comp, RE",,2014,5823103,Classic Rock,2020-04-15 05:56:40,,,
R1 547642,Van Halen,Van Halen,Warner Bros. Records,"LP, Album, RE, RM, 180",,2015,6846296,Rock,2020-04-15 05:45:24,,,
"R1 553408, 081227947583",Allen Toussaint,Live In Philadelphia 1975,"Warner Bros. Records, Rhino Handmade, Warner Bros. Records","LP, Album, RSD, Ltd, Num",,2016,8397877,Soul,2016-04-17 01:57:14,,,
R1 2979,James Taylor (2),James Taylor's Greatest Hits,"Warner Bros. Records, Rhino Vinyl","LP, Comp, Gat",,2013,5500049,Folk/Americana,2017-02-11 18:14:17,,,
"1-23985, 9 23985-1",Van Halen,1984,"Warner Bros. Records, Warner Bros. Records","LP, Album, Win",,1984,949843,Hard Rock,2018-08-12 07:40:07,,,
"9 23703-1, 1-23703",Michael McDonald,If That's What It Takes,"Warner Bros. Records, Warner Bros. Records","LP, Album, Los",,1982,531795,Soft Rock,2018-08-12 08:51:08,,,
"9 25534-1, 1-25534",Michael McDonald,No Lookin' Back,"Warner Bros. Records, Warner Bros. Records","LP, Album, RE, All",,1986,3585240,Soft Rock,2024-02-10 21:18:43,,,
"9362-49228-6, 551977-1",Seal,7,"Warner Bros. Records, Warner Bros. Records","2xLP, Album",,2015,7872066,Rock,2020-04-15 05:38:27,,,
"WS 1843, 1843",James Taylor (2),Sweet Baby James,"Warner Bros. Records, Warner Bros. Records","LP, Album, RP",,1970,7254128,Folk/Americana,2016-06-13 05:19:19,,,
"9 25060-1, 1-25060",Chicago (2),Chicago 17,"Warner Bros. Records, Warner Bros. Records, Full Moon","LP, Album, All",,1984,759701,Soft Rock,2017-04-28 03:53:33,,,
"9 25394-1, 1-25394, 25394-1",Van Halen,5150,"Warner Bros. Records, Warner Bros. Records, Warner Bros. Records","LP, Album, SRC",,1986,1031470,Hard Rock,2017-02-11 17:55:40,,,
093624818618,Linkin Park,Meteora,"Warner Records, Machine Shop Recordings","2xLP, Album, RSD, Ltd, RE, RP, Blu",,2021,19110124,Uncategorized,2021-06-13 12:39:09,,,
WH-1032,Michael Hedges,Aerial Boundaries,Windham Hill Records,"LP, Album, RTI",,1984,2771735,Folk/Americana,2016-05-08 00:56:08,,,
XLLP868,Radiohead,OK Computer OKNOTOK 1997 2017,XL Recordings,"2xLP, Album, RE, RM, 180 + LP, Comp, 180",,2017,10505306,Britt Pop,2024-09-14 15:51:51,,,
